event_id,sensor_id,device_type,event_timestamp,ingested_at,reading_value,unit,battery_pct,signal_strength_dbm,latitude,longitude,firmware_version,status_code,raw_payload,is_duplicate_of,ingest_batch_id
08520781-be61-466a-b5df-032436b344f9,SENSOR_01961,temperature,2026-06-05 03:47:36,2026-06-05 03:48:11,57.798,C,53.7,-99.9,,-120.554295,v1.0,OK,"{""calibration_offset"": -1.367, ""alerts"": [""SENSOR_FAULT""]}",,INITIAL_LOAD_20260601
c7c0e330-2c50-401e-b6ed-b9a635ac7958,SENSOR_03466,humidity,2026-07-05 14:38:44,2026-07-05 14:41:55,43.81,%,52.2,-100.3,,,v1.1,WARN,"{""calibration_offset"": 1.05, ""alerts"": []}",,INITIAL_LOAD_20260601
9f698c2c-79c1-481d-a964-d3efaf3a2ec3,SENSOR_04820,humidity,2026-07-05 08:41:40,2026-07-05 08:43:37,6.74,%,4.1,-83.6,,,v1.0,OK,"{""calibration_offset"": 0.721, ""alerts"": [""SENSOR_FAULT""]}",,INITIAL_LOAD_20260601
c310315b-1a12-419d-b9b6-047fef649df2,SENSOR_01083,vibration,2026-06-12 19:06:44,2026-06-12 19:10:12,2.856,mm/s,10.6,-75.5,,,v2.0-beta,WARN,"{""alerts"": []}",,INITIAL_LOAD_20260601
f3441af2-d078-4863-935b-b22a5a02236e,SENSOR_00806,temperature,2026-07-09 20:45:28,2026-07-09 20:47:35,-20.841,C,54.1,-98.8,,,v1.2,OK,"{""calibration_offset"": -1.205, ""alerts"": []}",,INITIAL_LOAD_20260601
b4b8c11f-16a0-4ae5-87d0-22f45f19367c,SENSOR_04508,temperature,2026-06-05 12:39:32,2026-06-05 12:41:33,-23.369,C,49.1,-92.9,,,v1.0,OK,"{""calibration_offset"": -1.013, ""alerts"": []}",,INITIAL_LOAD_20260601
069ca91f-9a05-4368-862b-97c9973f4175,SENSOR_03198,pressure,2026-06-14 20:20:21,2026-06-14 20:25:05,,hPa,49.2,-94.8,,,v2.0-beta,OFFLINE,"{""calibration_offset"": -0.946, ""alerts"": []}",,INITIAL_LOAD_20260601
e4581ba6-cc0d-42ce-8dc4-06d42a74110f,SENSOR_02569,temperature,2026-06-25 09:51:47,2026-06-25 09:56:18,-24.257,C,96.1,-103.6,,,v2.0-beta,OK,"{""calibration_offset"": 1.336, ""alerts"": [""SIGNAL_LOSS""]}",,INITIAL_LOAD_20260601
cb1528fb-03e1-406d-8e42-1f560da9a2ca,SENSOR_04666,humidity,2026-07-01 01:37:54,2026-07-01 01:42:52,56.523,%,32.3,-89.1,,,v1.0,WARN,"{""calibration_offset"": -0.932, ""alerts"": []}",,INITIAL_LOAD_20260601
18487c59-9786-4d75-a0d9-c0a09597fd53,SENSOR_02457,motion,2026-06-01 10:51:11,2026-06-01 10:55:59,0.996,bool,8.3,-92.9,,137.111103,v1.0,OK,"{""calibration_offset"": 1.336, ""alerts"": [""SIGNAL_LOSS""]}",,INITIAL_LOAD_20260601
f11b8a23-0616-45c0-8f81-6234f86b5d37,SENSOR_01292,motion,2026-06-30 16:39:22,2026-06-30 16:43:52,0.008,bool,81.9,-86.0,,-131.655199,v1.2,OFFLINE,"{""calibration_offset"": -0.639, ""alerts"": [""SIGNAL_LOSS""]}",,INITIAL_LOAD_20260601
d46bd285-ada7-4519-aa52-19227ef0c6d3,SENSOR_04532,humidity,2026-06-30 08:40:40,2026-06-30 08:43:35,20.36,%,63.8,-88.9,,124.597337,v1.2,OK,"{""calibration_offset"": -1.118, ""alerts"": []}",,INITIAL_LOAD_20260601
4aee087d-954f-4612-a4a5-4283609b65c0,SENSOR_02266,temperature,2026-07-08 10:25:08,2026-07-08 10:27:22,-23.842,C,44.7,-53.5,,,v1.2,OK,"{""calibration_offset"": -0.942, ""alerts"": [""SIGNAL_LOSS""]}",,INITIAL_LOAD_20260601
c5c83acc-d3e8-4f81-90af-bd406ba04b04,SENSOR_03024,gps,2026-06-21 20:44:16,2026-06-21 20:46:53,-48.725,deg,93.4,-32.2,-82.818922,-51.188676,v1.1,WARN,"{""calibration_offset"": 1.336, ""alerts"": [""SIGNAL_LOSS""]}",,INITIAL_LOAD_20260601
40611d5e-ad3d-4e4a-b63f-060bc9a6ef35,SENSOR_02897,gps,2026-07-01 03:07:23,2026-07-01 03:09:24,131.258,deg,97.6,-45.1,68.654917,-171.07691,v2.0-beta,OFFLINE,"{""calibration_offset"": -0.395, ""alerts"": [""SENSOR_FAULT""]}",,INITIAL_LOAD_20260601
3d803e25-53ce-4637-8b8a-d007bcc2af08,SENSOR_03372,vibration,2026-06-13 22:51:04,2026-06-13 22:51:59,5.738,mm/s,4.8,-72.3,,-54.122967,v1.1,OFFLINE,"{""calibration_offset"": -1.069, ""alerts"": [""SIGNAL_LOSS""]}",,INITIAL_LOAD_20260601
9dc99f80-fb06-4499-a708-68eb31461c72,SENSOR_01582,motion,2026-07-12 23:02:39,2026-07-12 23:05:01,0.351,bool,51.4,-55.6,-30.393024,,v1.2,OK,"{""calibration_offset"": -0.932, ""alerts"": []}",,INITIAL_LOAD_20260601
9ae18aac-3800-4816-b359-5557d9d72741,SENSOR_02174,temperature,2026-06-17 18:45:16,2026-06-17 18:47:56,3.639,C,98.4,-100.7,-55.785821,,v2.0-beta,OK,"{""calibration_offset"": -1.636, ""alerts"": [""LOW_BATTERY""]}",,INITIAL_LOAD_20260601
c583562d-5993-4a52-a9d6-9344fc04e440,SENSOR_04410,vibration,2026-06-18 16:20:55,2026-06-18 16:23:44,,mm/s,66.7,-100.0,1.282051,,v1.1,ERROR,"{""calibration_offset"": 1.104, ""alerts"": [""LOW_BATTERY""]}",,INITIAL_LOAD_20260601
4b40721d-0436-4e1e-8a31-b0fdc25055ae,SENSOR_02422,gps,2026-06-21 09:51:19,2026-06-21 09:54:33,63.834,deg,90.4,-60.8,-35.829023,17.257397,v1.1,OK,"{""calibration_offset"": 0.558, ""alerts"": [""SIGNAL_LOSS""]}",,INITIAL_LOAD_20260601
93cda1d5-d3f4-47f9-9608-58a73da0ba0c,SENSOR_01721,motion,2026-06-23 13:45:01,2026-06-23 13:46:50,0.511,bool,79.6,-33.2,28.593134,,v1.2,OFFLINE,"{""calibration_offset"": -1.553, ""alerts"": []}",,INITIAL_LOAD_20260601
67526adc-7378-4f3c-8e39-5945268459ea,SENSOR_01924,vibration,2026-07-10 03:42:49,2026-07-10 03:43:01,0.693,mm/s,98.4,-61.1,-8.02509,27.241524,v1.1,OK,"{""calibration_offset"": -1.013, ""alerts"": []}",,INITIAL_LOAD_20260601
8fcce3e4-fdba-416f-b273-830654fc0119,SENSOR_01998,humidity,2026-07-14 08:01:26,2026-07-14 08:02:20,77.842,%,22.7,-45.7,,,v1.0,ERROR,"{""calibration_offset"": 1.651, ""alerts"": []}",,INITIAL_LOAD_20260601
17bff24b-6893-431d-b609-6b23e5724df7,SENSOR_00994,motion,2026-07-03 09:47:03,2026-07-03 09:51:49,0.595,bool,95.1,-38.7,,1.720139,v2.0-beta,OK,"{""calibration_offset"": 1.651, ""alerts"": []}",,INITIAL_LOAD_20260601
acf1be92-a5ac-431f-9a5e-cd84b12144a8,SENSOR_01303,vibration,2026-06-22 20:22:09,2026-06-22 20:24:15,12.598,mm/s,28.5,-47.8,,,v2.0-beta,OFFLINE,"{""calibration_offset"": -1.36, ""alerts"": []}",,INITIAL_LOAD_20260601
64c6202d-bdd1-4654-861a-9047bafe50db,SENSOR_02340,humidity,2026-06-16 12:29:19,2026-06-16 12:30:00,13.837,%,23.9,-54.5,-78.438807,,v1.2,OK,"{""calibration_offset"": -0.946, ""alerts"": []}",,INITIAL_LOAD_20260601
2aa60175-599c-4016-8dce-8828630c6a2e,SENSOR_00510,humidity,2026-06-19 21:46:24,2026-06-19 21:51:23,94.606,%,2.9,-39.5,,,v2.0-beta,OFFLINE,"{""calibration_offset"": -0.741, ""alerts"": []}",,INITIAL_LOAD_20260601
0cd64c38-6df7-4793-bf96-334e0b315c53,SENSOR_03194,motion,2026-06-24 16:49:42,2026-06-24 16:53:25,0.486,bool,39.5,-56.5,40.352648,151.034983,v1.1,WARN,"{""calibration_offset"": -1.553, ""alerts"": []}",,INITIAL_LOAD_20260601
02444cf4-d72c-479b-b419-d6604908508e,SENSOR_03227,gps,2026-06-05 01:48:21,2026-06-05 01:49:30,132.066,deg,19.0,-89.2,-31.07652,-16.308243,v1.0,WARN,"{""calibration_offset"": -0.395, ""alerts"": [""SENSOR_FAULT""]}",,INITIAL_LOAD_20260601
bda985e3-bffe-43fd-9dac-22166f116b02,SENSOR_03105,pressure,2026-06-13 05:55:03,2026-06-13 05:59:03,874.167,hPa,54.4,-30.0,,,v2.0-beta,OFFLINE,"{""alerts"": []}",,INITIAL_LOAD_20260601
596d4af2-4705-497a-9a38-3086b73d420d,SENSOR_02025,humidity,2026-07-01 03:54:30,2026-07-01 03:55:34,47.356,%,12.3,-34.2,,,v1.0,OFFLINE,"{""calibration_offset"": 1.658, ""alerts"": []}",,INITIAL_LOAD_20260601
2254abf7-747d-4177-9ea6-5284956fb0f4,SENSOR_04974,vibration,2026-07-08 18:11:35,2026-07-08 18:14:14,1.621,mm/s,3.5,-85.0,,-37.204401,v1.0,ERROR,"{""alerts"": []}",,INITIAL_LOAD_20260601
0d946dc0-7367-4afb-985a-4de460a6234b,SENSOR_01989,temperature,2026-07-12 06:39:48,2026-07-12 06:40:49,39.623,C,57.0,-106.7,,,v1.2,ERROR,"{""calibration_offset"": -1.205, ""alerts"": []}",,INITIAL_LOAD_20260601
2b5cfbf1-d307-49ff-b219-b3a4ad607bea,SENSOR_02795,temperature,2026-07-10 22:05:05,2026-07-10 22:08:46,56.079,C,63.9,-43.7,-11.612314,167.570543,v2.0-beta,OFFLINE,"{""calibration_offset"": 0.437, ""alerts"": [""SENSOR_FAULT""]}",,INITIAL_LOAD_20260601
db907241-5be0-48b5-9a57-e35d2ac157ca,SENSOR_04408,motion,2026-07-11 02:03:01,2026-07-11 02:05:18,0.322,bool,25.3,-35.2,,,v2.0-beta,OK,"{""calibration_offset"": -0.461, ""alerts"": []}",,INITIAL_LOAD_20260601
891ebd34-ddc4-4303-ae8d-9f145ee3af5a,SENSOR_03104,pressure,2026-07-12 07:25:54,2026-07-12 07:30:03,915.606,hPa,80.0,-82.8,36.213075,,v2.0-beta,OK,"{""calibration_offset"": 0.558, ""alerts"": [""SIGNAL_LOSS""]}",,INITIAL_LOAD_20260601
eaa0ab09-55c1-40bc-aa5d-023ab890ada1,SENSOR_01565,temperature,2026-06-24 17:14:04,2026-06-24 17:16:07,29.061,C,64.9,-70.7,-73.250397,,v2.0-beta,OK,"{""calibration_offset"": 1.336, ""alerts"": [""SIGNAL_LOSS""]}",,INITIAL_LOAD_20260601
bca428ca-cf5b-4686-874b-af631b128865,SENSOR_04764,pressure,2026-06-21 15:44:52,2026-06-21 15:49:33,941.12,hPa,70.6,-88.3,,,v1.2,OK,"{""alerts"": []}",,INITIAL_LOAD_20260601
c10ef542-9952-437c-8f9d-fc760a441895,SENSOR_04389,vibration,2026-06-11 12:06:22,2026-06-11 12:08:43,10.869,mm/s,97.7,-68.0,,,v1.1,OK,"{""alerts"": []}",,INITIAL_LOAD_20260601
b5d005ce-9890-4297-9481-ca8630486fa9,SENSOR_02956,humidity,2026-07-05 08:54:04,2026-07-05 08:56:24,4.552,%,6.4,-86.6,24.816538,-143.068447,v1.0,OK,"{""calibration_offset"": 0.558, ""alerts"": [""SIGNAL_LOSS""]}",,INITIAL_LOAD_20260601
ea5b45f7-c37e-45a6-adb2-7bd6f108a0c3,SENSOR_03845,motion,2026-06-09 22:47:57,2026-06-09 22:50:06,0.941,bool,48.3,-44.2,,,v1.2,OK,"{""alerts"": []}",,INITIAL_LOAD_20260601
d6e01ea6-06c3-4709-bfcd-a18eefc9b477,SENSOR_04610,pressure,2026-06-06 18:00:21,2026-06-06 18:03:54,1000.358,hPa,79.3,-91.9,,,v1.1,OK,"{""calibration_offset"": -1.36, ""alerts"": []}",,INITIAL_LOAD_20260601
66a6bf10-867b-4034-bf1c-591f92c85df3,SENSOR_04821,motion,2026-06-30 14:16:17,2026-06-30 14:17:07,0.948,bool,21.6,-93.1,,,v1.0,OK,"{""calibration_offset"": 1.318, ""alerts"": []}",,INITIAL_LOAD_20260601
ec7b75f8-6888-4e95-863b-df067642498d,SENSOR_01282,temperature,2026-07-04 11:10:32,2026-07-04 11:13:01,-36.736,C,29.5,-87.4,-77.187643,,v2.0-beta,OK,"{""calibration_offset"": -0.932, ""alerts"": []}",,INITIAL_LOAD_20260601
4a8ab319-a7ec-4f2b-96ee-9883aeef1467,SENSOR_04831,vibration,2026-06-21 15:19:22,2026-06-21 15:21:17,9.715,mm/s,90.9,-43.9,,,v1.1,OFFLINE,"{""calibration_offset"": 0.753, ""alerts"": [""SIGNAL_LOSS""]}",,INITIAL_LOAD_20260601
17ea7991-a526-4dd8-9fbf-825afcffb980,SENSOR_04662,pressure,2026-06-23 18:04:21,2026-06-23 18:07:47,1072.675,hPa,50.5,-70.5,,,v1.0,OK,"{""calibration_offset"": -1.636, ""alerts"": [""LOW_BATTERY""]}",,INITIAL_LOAD_20260601
dda838ee-5a8a-4408-a41a-a196edfd40bc,SENSOR_04945,pressure,2026-06-12 02:42:58,2026-06-12 02:47:52,996.231,hPa,3.1,-48.8,13.724457,-116.931338,v1.0,OK,"{""calibration_offset"": -1.367, ""alerts"": [""SENSOR_FAULT""]}",,INITIAL_LOAD_20260601
0ee3563c-e4e7-4fca-8df7-0b9fc0d7cd4e,SENSOR_02278,humidity,2026-07-01 19:34:40,2026-07-01 19:35:26,47.001,%,41.4,-84.3,,,v2.0-beta,WARN,"{""calibration_offset"": -1.123, ""alerts"": []}",,INITIAL_LOAD_20260601
6a476767-d001-46ed-ba5f-6b9ee83a8385,SENSOR_02361,vibration,2026-06-23 01:54:38,2026-06-23 01:56:47,4.849,mm/s,97.0,-77.7,,56.757739,v1.0,OK,"{""calibration_offset"": -0.946, ""alerts"": []}",,INITIAL_LOAD_20260601
cf6f7c96-48bc-4d8f-bf72-a532b09f52dc,SENSOR_00444,humidity,2026-07-01 05:25:15,2026-07-01 05:29:01,75.999,%,21.2,-66.1,-11.139103,,v1.2,WARN,"{""calibration_offset"": -0.639, ""alerts"": [""SIGNAL_LOSS""]}",,INITIAL_LOAD_20260601
fb72c310-c9b3-424a-9069-d727cbcded5b,SENSOR_04987,humidity,2026-06-16 02:03:00,2026-06-16 02:07:42,40.799,%,23.2,-42.7,,53.175488,v1.1,ERROR,"{""calibration_offset"": -0.942, ""alerts"": [""SIGNAL_LOSS""]}",,INITIAL_LOAD_20260601
e24de70d-892e-4b6c-b69a-d01d81899973,SENSOR_02390,gps,2026-06-21 04:04:52,2026-06-21 04:08:53,-92.257,deg,55.6,-79.3,75.936267,2.966721,v1.2,ERROR,"{""calibration_offset"": -0.48, ""alerts"": []}",,INITIAL_LOAD_20260601
6ccae25b-1be4-4f2f-9c7f-35fd8b4b2e2d,SENSOR_02263,motion,2026-07-10 20:00:33,2026-07-11 23:44:57,0.837,bool,58.4,-57.2,-9.621469,,v1.2,OK,"{""calibration_offset"": -0.395, ""alerts"": [""SENSOR_FAULT""]}",,INITIAL_LOAD_20260601
96a75e7d-b7c0-4321-a872-2c44b4c627be,SENSOR_04451,motion,2026-07-13 05:09:33,2026-07-13 05:11:35,0.572,bool,24.1,-48.0,,73.882037,v1.2,OK,"{""calibration_offset"": -1.013, ""alerts"": []}",,INITIAL_LOAD_20260601
1bce0ee0-77c6-46bd-84e4-b122bd8d62a2,SENSOR_01246,motion,2026-06-25 09:12:41,2026-06-25 09:15:30,0.87,bool,87.5,-74.8,,,v1.1,OK,"{""calibration_offset"": -0.942, ""alerts"": [""SIGNAL_LOSS""]}",,INITIAL_LOAD_20260601
accdc809-a812-4144-8e2a-570a69e13703,SENSOR_01264,temperature,2026-06-17 10:27:08,2026-06-17 10:30:31,24.984,C,85.3,-41.8,-21.598308,,v1.2,OK,"{""calibration_offset"": 0.721, ""alerts"": [""SENSOR_FAULT""]}",,INITIAL_LOAD_20260601
65533813-9f56-48cd-abac-8c32755845ce,SENSOR_00294,gps,2026-07-01 15:21:21,2026-07-01 15:23:48,179.073,deg,74.9,-75.3,-72.280237,48.149218,v1.1,OK,"{""calibration_offset"": -1.974, ""alerts"": []}",,INITIAL_LOAD_20260601
76842555-4546-4034-a992-5988993b78dc,SENSOR_02453,temperature,2026-07-09 15:34:27,2026-07-09 15:37:30,-2.516,C,15.4,-67.5,,-118.805886,v1.2,OK,"{""calibration_offset"": -1.118, ""alerts"": []}",,INITIAL_LOAD_20260601
950f5886-a4b8-4e57-8e3a-b89e618fe019,SENSOR_03133,gps,2026-06-25 03:49:27,2026-06-25 03:50:40,-96.412,deg,64.2,-73.2,30.031329,143.607071,v1.1,ERROR,"{""calibration_offset"": -0.461, ""alerts"": []}",,INITIAL_LOAD_20260601
abbe69e1-7ad2-41c6-b672-4673c0673917,SENSOR_04477,humidity,2026-06-17 18:36:47,2026-06-17 18:39:20,63.894,%,43.0,-90.0,-54.14094,,v2.0-beta,OK,"{""calibration_offset"": -0.994, ""alerts"": []}",,INITIAL_LOAD_20260601
cd5dc4de-0aa5-4038-bc3c-38bf234c6368,SENSOR_03124,gps,2026-07-04 22:43:09,2026-07-04 22:46:31,-81.187,deg,57.0,-55.1,44.040391,-162.34407,v1.2,OK,"{""calibration_offset"": 0.121, ""alerts"": [""SIGNAL_LOSS""]}",,INITIAL_LOAD_20260601
232a505c-4d2d-440a-88b8-f5864df2fc27,SENSOR_02344,humidity,2026-06-11 15:09:31,2026-06-11 15:11:39,67.776,%,72.4,-57.3,23.084659,52.682619,v1.2,WARN,"{""calibration_offset"": 0.753, ""alerts"": [""SIGNAL_LOSS""]}",,INITIAL_LOAD_20260601
95eb52df-812d-4f2b-a5a8-66f17a350266,SENSOR_00273,gps,2026-06-05 09:00:46,2026-06-05 09:03:33,89.093,deg,18.4,-99.4,7.093397,169.736249,v1.1,OK,"{""calibration_offset"": -1.367, ""alerts"": [""SENSOR_FAULT""]}",,INITIAL_LOAD_20260601
948df5dc-5856-4c4e-9fb1-f70d880d6f40,SENSOR_02232,humidity,2026-07-10 03:37:37,2026-07-10 03:40:30,80.423,%,47.4,-104.0,-49.389355,,v2.0-beta,OK,"{""calibration_offset"": 0.338, ""alerts"": []}",,INITIAL_LOAD_20260601
ce260e53-66c8-4d1c-b692-be66dbf69ee7,SENSOR_04565,pressure,2026-06-01 16:12:59,2026-06-01 16:14:02,967.779,hPa,67.6,-56.2,,158.505081,v2.0-beta,OK,"{""calibration_offset"": -1.974, ""alerts"": []}",,INITIAL_LOAD_20260601
2022f40f-78cf-4acd-a2a4-b953b6be523a,SENSOR_03862,temperature,2026-07-15 10:21:01,2026-07-15 10:21:33,23.54,C,47.0,-53.9,,,v1.2,WARN,"{""alerts"": []}",,INITIAL_LOAD_20260601
366b5ce7-14d1-42df-ba77-289567999272,SENSOR_02493,motion,2026-06-12 09:33:42,2026-06-12 09:34:51,0.389,bool,37.7,-34.0,,,v1.0,OK,"{""calibration_offset"": 1.05, ""alerts"": []}",,INITIAL_LOAD_20260601
bed7c224-4bfd-43f9-b8e0-f91154f8283c,SENSOR_01265,motion,2026-07-11 11:19:22,2026-07-11 11:22:50,0.939,bool,28.7,-54.8,,,v1.0,ERROR,"{""calibration_offset"": 1.336, ""alerts"": [""SIGNAL_LOSS""]}",,INITIAL_LOAD_20260601
1b15c17e-fd2e-4076-a867-b5c8e9577c3a,SENSOR_00813,vibration,2026-06-03 22:32:45,2026-06-03 22:34:22,14.523,mm/s,95.0,-44.1,,,v1.2,OK,"{""calibration_offset"": 0.121, ""alerts"": [""SIGNAL_LOSS""]}",,INITIAL_LOAD_20260601
fc13eb27-26da-42ce-8a3c-b2e979bf1a36,SENSOR_00414,pressure,2026-07-09 04:53:45,2026-07-09 04:54:20,1048.411,hPa,55.9,-63.1,-48.060238,103.911752,v1.1,OK,"{""calibration_offset"": 0.121, ""alerts"": [""SIGNAL_LOSS""]}",,INITIAL_LOAD_20260601
dd5acc43-0233-4591-9dd9-255aed12a3df,SENSOR_01185,humidity,2026-07-09 18:20:09,2026-07-09 18:20:22,,%,36.5,-46.9,,,v1.2,WARN,"{""calibration_offset"": -0.932, ""alerts"": []}",,INITIAL_LOAD_20260601
ef3025f9-ee59-4b66-b9c1-cb119d53f62f,SENSOR_03448,gps,2026-06-24 02:52:00,2026-06-24 02:55:05,4.766,deg,11.8,-69.7,80.174816,-164.388587,v1.0,OK,"{""calibration_offset"": -1.367, ""alerts"": [""SENSOR_FAULT""]}",,INITIAL_LOAD_20260601
43645e04-cce7-47d7-8725-b32cb302ba73,SENSOR_00255,temperature,2026-06-21 16:38:41,2026-06-21 16:42:52,31.24,C,44.9,-38.1,,,v2.0-beta,OK,"{""calibration_offset"": -0.48, ""alerts"": []}",,INITIAL_LOAD_20260601
a0513963-e2fe-436a-bbca-abb783203c4e,SENSOR_04795,gps,2026-06-19 11:47:08,2026-06-19 11:51:39,-73.837,deg,51.0,-75.6,52.757297,-138.810934,v1.2,ERROR,"{""calibration_offset"": 1.651, ""alerts"": []}",,INITIAL_LOAD_20260601
04eca3fd-dda1-453a-be9f-df04c7724f78,SENSOR_01761,motion,2026-06-21 02:07:39,2026-06-21 02:11:31,0.399,bool,73.2,-85.0,,,v1.1,OK,"{""calibration_offset"": -0.942, ""alerts"": [""SIGNAL_LOSS""]}",,INITIAL_LOAD_20260601
06f8a4d0-0e30-497c-be53-d22ff12cfb36,SENSOR_03885,temperature,2026-06-05 12:37:15,2026-06-05 12:40:25,41.177,C,56.1,-63.1,,,v1.0,OK,"{""calibration_offset"": -0.639, ""alerts"": [""SIGNAL_LOSS""]}",,INITIAL_LOAD_20260601
65d30ab1-c8e3-4eb9-a966-88fb7e9e2c97,SENSOR_03464,vibration,2026-06-30 03:31:42,2026-06-30 03:32:35,8.669,mm/s,22.1,-57.5,,,v1.2,OK,"{""calibration_offset"": 1.651, ""alerts"": []}",,INITIAL_LOAD_20260601
9628a3ef-2a13-461e-9c87-b907fe837c99,SENSOR_02282,gps,2026-07-12 00:40:37,2026-07-12 00:45:22,-170.549,deg,93.0,-43.6,-41.859409,-115.050214,v2.0-beta,OK,"{""calibration_offset"": 0.753, ""alerts"": [""SIGNAL_LOSS""]}",,INITIAL_LOAD_20260601
e5abd712-35f2-41c9-8083-40a18e5ea491,SENSOR_02875,temperature,2026-06-28 11:48:42,2026-06-28 11:49:17,-25.813,C,63.7,-107.5,-51.276082,,v1.1,OK,"{""calibration_offset"": -0.395, ""alerts"": [""SENSOR_FAULT""]}",,INITIAL_LOAD_20260601
ee92750a-e228-4724-94a4-5c8c97676152,SENSOR_02552,vibration,2026-07-13 21:10:05,2026-07-13 21:11:25,11.317,mm/s,5.9,-103.5,,,v1.0,OK,"{""calibration_offset"": 0.121, ""alerts"": [""SIGNAL_LOSS""]}",,INITIAL_LOAD_20260601
6498abdd-2d1c-4330-9152-711defad1f40,SENSOR_02237,humidity,2026-06-17 18:09:19,2026-06-17 18:11:44,67.822,%,59.7,-67.8,,,v1.0,OFFLINE,"{""calibration_offset"": 0.121, ""alerts"": [""SIGNAL_LOSS""]}",,INITIAL_LOAD_20260601
76184015-d6ff-40ff-9b77-6864f09bcaf8,SENSOR_01674,pressure,2026-07-08 02:18:43,2026-07-08 02:21:30,895.797,hPa,50.2,-75.5,,,v1.1,OK,"{""calibration_offset"": -1.069, ""alerts"": [""SIGNAL_LOSS""]}",,INITIAL_LOAD_20260601
ec72438a-cb4c-403b-9777-ca673a1fbcac,SENSOR_02901,temperature,2026-06-22 04:13:57,2026-06-22 15:54:08,46.211,C,58.0,-64.1,-14.815087,,v1.0,OK,"{""calibration_offset"": -1.442, ""alerts"": [""SENSOR_FAULT""]}",,INITIAL_LOAD_20260601
bcf804d0-72e2-40f8-a58a-6f82abaa89af,SENSOR_01407,gps,2026-06-05 06:40:43,2026-06-05 06:41:37,-92.406,deg,59.3,-68.1,-18.761995,-68.301158,v1.2,OK,"{""calibration_offset"": -0.395, ""alerts"": [""SENSOR_FAULT""]}",,INITIAL_LOAD_20260601
df0738e7-45f9-4c45-b3bf-143c84c7266f,SENSOR_01377,temperature,2026-06-26 18:11:57,2026-06-26 18:14:55,-4.89,C,95.9,-58.4,,,v1.0,WARN,"{""calibration_offset"": -0.932, ""alerts"": []}",,INITIAL_LOAD_20260601
29147422-3eae-4acb-bb08-7c4806cd55a2,SENSOR_04934,humidity,2026-06-09 14:23:24,2026-06-09 14:27:36,46.395,%,56.8,-63.6,,51.477059,v1.0,OFFLINE,"{""calibration_offset"": -1.553, ""alerts"": []}",,INITIAL_LOAD_20260601
90b04a1a-ecb7-4fb2-8610-5eca7c38c953,SENSOR_02589,humidity,2026-06-23 18:19:57,2026-06-23 18:22:32,79.633,%,59.6,-81.8,,,v1.0,OK,"{""alerts"": []}",,INITIAL_LOAD_20260601
90fc0671-e791-4060-b95d-a5c9c640e0c2,SENSOR_02351,temperature,2026-06-30 20:32:12,2026-06-30 20:35:28,6.271,C,55.9,-46.7,-9.047933,54.661484,v1.0,ERROR,"{""calibration_offset"": 1.104, ""alerts"": [""LOW_BATTERY""]}",,INITIAL_LOAD_20260601
cfa6c38d-cc45-48b3-ab28-c820f310f955,SENSOR_04107,humidity,2026-06-06 00:35:18,2026-06-06 00:38:13,98.239,%,9.3,-58.3,,176.754968,v2.0-beta,OK,"{""calibration_offset"": -1.367, ""alerts"": [""SENSOR_FAULT""]}",,INITIAL_LOAD_20260601
eef59ccc-741c-4da1-b54e-c7c092f7d326,SENSOR_01300,pressure,2026-06-19 19:22:22,2026-06-19 19:25:15,1015.963,hPa,6.2,-59.5,,,v1.2,OK,"{""calibration_offset"": 1.651, ""alerts"": []}",,INITIAL_LOAD_20260601
9bd7070f-5ba9-41b4-8c89-aca9ee1f38ef,SENSOR_02327,pressure,2026-06-17 04:23:41,2026-06-17 04:24:53,1067.1,hPa,31.7,-57.5,,,v1.1,ERROR,"{""calibration_offset"": -1.118, ""alerts"": []}",,INITIAL_LOAD_20260601
fca55bb0-55d8-4c18-b627-4c56cf1864d9,SENSOR_03085,vibration,2026-07-10 11:25:44,2026-07-10 11:30:13,1.402,mm/s,67.4,-69.3,,,v1.2,OFFLINE,"{""calibration_offset"": -1.088, ""alerts"": []}",,INITIAL_LOAD_20260601
03729e08-1d65-4b9e-aaea-87c36503798f,SENSOR_03983,humidity,2026-06-08 12:31:27,2026-06-08 12:32:18,50.769,%,54.4,-50.9,,,v1.1,OK,"{""calibration_offset"": -1.553, ""alerts"": []}",,INITIAL_LOAD_20260601
789b44bd-8fb4-4a15-9874-315ec80942ba,SENSOR_03086,humidity,2026-07-11 08:35:13,2026-07-11 08:36:37,72.118,%,5.3,-80.9,84.525949,,v1.1,OK,"{""calibration_offset"": -1.36, ""alerts"": []}",,INITIAL_LOAD_20260601
a809e893-fb50-439d-81c9-386ef15127a3,SENSOR_01959,pressure,2026-07-14 21:12:23,2026-07-14 21:15:31,1015.836,hPa,57.5,-74.8,50.062327,,v2.0-beta,OFFLINE,"{""calibration_offset"": -1.123, ""alerts"": []}",,INITIAL_LOAD_20260601
524ee230-5828-4777-977c-7bf62bd4dc4a,SENSOR_01635,gps,2026-06-03 12:47:37,2026-06-03 12:50:47,19.635,deg,11.2,-42.3,63.209889,-77.377315,v1.2,OK,"{""calibration_offset"": 1.892, ""alerts"": []}",,INITIAL_LOAD_20260601
9b4a6ad4-8495-4591-b0d0-53b753a71525,SENSOR_04205,humidity,2026-06-05 10:51:14,2026-06-05 10:53:07,81.67,%,88.6,-35.6,,,v2.0-beta,OFFLINE,"{""calibration_offset"": 1.658, ""alerts"": []}",,INITIAL_LOAD_20260601
38cecbfb-2890-4083-9b6a-70f6ae4fff64,SENSOR_00668,pressure,2026-06-16 11:17:41,2026-06-16 11:20:32,1040.147,hPa,14.6,-87.0,35.292958,,v1.0,OK,"{""calibration_offset"": -0.994, ""alerts"": []}",,INITIAL_LOAD_20260601
71d42c9e-85f4-42bc-9473-468c56a16e1b,SENSOR_00043,temperature,2026-06-11 11:15:21,2026-06-11 11:20:01,54.023,C,61.3,-76.1,-47.224759,,v1.2,OK,"{""calibration_offset"": 1.336, ""alerts"": [""SIGNAL_LOSS""]}",,INITIAL_LOAD_20260601
4d5be735-76bf-41d6-95d3-dfb635ce0873,SENSOR_03744,temperature,2026-06-29 23:15:04,2026-06-29 23:19:27,17.505,C,72.1,-86.7,,,v2.0-beta,OK,"{""calibration_offset"": 0.556, ""alerts"": []}",,INITIAL_LOAD_20260601
a09c8cb6-6d55-4d7e-a30d-790603d4ed36,SENSOR_00701,gps,2026-06-26 12:54:13,2026-06-26 12:58:32,19.495,deg,39.7,-72.4,24.420742,173.174192,v1.0,OK,"{""calibration_offset"": -0.932, ""alerts"": []}",,INITIAL_LOAD_20260601
88152f6a-61f9-445d-825b-ba7f8ab31ccd,SENSOR_02925,temperature,2026-07-06 13:56:17,2026-07-06 13:57:10,37.15,C,73.8,-83.4,,,v1.1,OK,"{""calibration_offset"": 1.318, ""alerts"": []}",,INITIAL_LOAD_20260601
ed3057f1-4024-407a-bc58-5fe3020d58d4,SENSOR_03806,vibration,2026-07-10 09:27:47,2026-07-10 09:31:41,0.555,mm/s,21.0,-46.7,-33.192752,,v1.1,OK,"{""calibration_offset"": 0.338, ""alerts"": []}",,INITIAL_LOAD_20260601
fe8b1f4f-9af5-4d6a-9c1f-daf4310dede6,SENSOR_04448,motion,2026-07-07 13:38:51,2026-07-07 13:41:17,0.357,bool,78.3,-40.7,,,v1.0,OK,"{""calibration_offset"": 1.658, ""alerts"": []}",,INITIAL_LOAD_20260601
94b4886f-c320-4789-8ad0-f86c1452f182,SENSOR_03276,vibration,2026-06-17 11:00:22,2026-06-17 11:04:36,10.381,mm/s,37.4,-46.2,,,v2.0-beta,OK,"{""calibration_offset"": -1.636, ""alerts"": [""LOW_BATTERY""]}",,INITIAL_LOAD_20260601
1001d22a-fb04-461a-9f1f-6d5e1dbebe7c,SENSOR_04935,humidity,2026-06-16 14:14:18,2026-06-16 14:17:05,66.092,%,31.3,-61.8,,,v1.2,WARN,"{""calibration_offset"": -0.741, ""alerts"": []}",,INITIAL_LOAD_20260601
4544d4c2-dc32-4479-a7e5-14a719af766a,SENSOR_02888,gps,2026-07-02 01:02:08,2026-07-02 01:02:37,-152.985,deg,64.1,-80.9,54.197276,64.587819,v1.2,OK,"{""calibration_offset"": -1.442, ""alerts"": [""SENSOR_FAULT""]}",,INITIAL_LOAD_20260601
c8c410e5-e1a7-44fa-9599-e50d0a92981e,SENSOR_04977,vibration,2026-06-02 16:32:37,2026-06-02 16:34:37,11.678,mm/s,37.3,-79.4,,,v2.0-beta,OFFLINE,"{""calibration_offset"": -1.36, ""alerts"": []}",,INITIAL_LOAD_20260601
b7c7e3c1-0fae-46ee-9d3b-67587968b026,SENSOR_03047,motion,2026-06-28 20:40:02,2026-06-28 20:43:09,0.398,bool,65.3,-90.0,,-0.344174,v1.0,OFFLINE,"{""calibration_offset"": -1.013, ""alerts"": []}",,INITIAL_LOAD_20260601
0a51f8df-93e8-4a12-b7ed-4ef4764f711c,SENSOR_00964,pressure,2026-07-05 04:15:48,2026-07-05 04:18:14,1019.206,hPa,99.9,-94.0,,,v1.2,OFFLINE,"{""calibration_offset"": 1.318, ""alerts"": []}",,INITIAL_LOAD_20260601
18b0d8ab-c67b-41e3-ac35-db957b63b247,SENSOR_03646,temperature,2026-07-03 10:05:23,2026-07-03 10:05:56,15.0,C,29.7,-86.0,,72.078932,v1.2,OFFLINE,"{""calibration_offset"": 1.318, ""alerts"": []}",,INITIAL_LOAD_20260601
2ac2bab8-71c0-47bb-9855-4bd1995fa8d2,SENSOR_04167,humidity,2026-07-09 10:49:24,2026-07-09 10:53:36,2.628,%,55.8,-80.5,9.296448,,v1.1,OK,"{""calibration_offset"": -1.118, ""alerts"": []}",,INITIAL_LOAD_20260601
a93ecf56-e6a6-4dd0-848f-700f0a390ba8,SENSOR_03261,vibration,2026-06-26 12:28:47,2026-06-26 12:32:16,12.35,mm/s,8.3,-32.2,,,v2.0-beta,ERROR,"{""calibration_offset"": -1.367, ""alerts"": [""SENSOR_FAULT""]}",,INITIAL_LOAD_20260601
04616d3a-4497-4c68-a3f2-a9f53497d242,SENSOR_04516,vibration,2026-07-08 06:31:49,2026-07-08 06:35:30,7.543,mm/s,87.0,-43.5,,,v1.1,WARN,"{""calibration_offset"": 1.892, ""alerts"": []}",,INITIAL_LOAD_20260601
d33970eb-c23d-472e-b543-c4c86462d530,SENSOR_01847,pressure,2026-07-12 01:35:03,2026-07-12 01:36:43,1006.537,hPa,55.5,-100.0,,,v1.2,WARN,"{""calibration_offset"": 1.074, ""alerts"": []}",,INITIAL_LOAD_20260601
40bd09e5-10c7-4bd5-9a85-997e2ee9c862,SENSOR_04848,gps,2026-07-02 23:28:45,2026-07-02 23:31:37,123.311,deg,56.8,-44.0,-84.892772,-163.633751,v1.1,OK,"{""calibration_offset"": 0.556, ""alerts"": []}",,INITIAL_LOAD_20260601
79e8df23-a879-46b1-808f-5a1337d361b8,SENSOR_01726,gps,2026-06-25 04:15:23,2026-06-25 04:20:02,-75.718,deg,95.7,-71.4,54.843868,66.596703,v1.0,OK,"{""calibration_offset"": 0.753, ""alerts"": [""SIGNAL_LOSS""]}",,INITIAL_LOAD_20260601
f3bddc37-08c8-4e33-a260-a3f3fb60dc20,SENSOR_00490,humidity,2026-06-24 12:11:36,2026-06-24 12:14:30,60.666,%,31.9,-52.5,64.939926,-132.924185,v2.0-beta,OK,"{""calibration_offset"": 1.658, ""alerts"": []}",,INITIAL_LOAD_20260601
e6f345df-5fe9-462f-b160-f753e56fbd60,SENSOR_00869,pressure,2026-06-06 22:44:54,2026-06-06 22:47:00,900.289,hPa,6.0,-34.4,-14.735746,144.831898,v2.0-beta,OK,"{""calibration_offset"": 1.104, ""alerts"": [""LOW_BATTERY""]}",,INITIAL_LOAD_20260601
8313cf77-14b2-4075-af40-446cbecbe01e,SENSOR_02561,humidity,2026-06-25 04:31:17,2026-06-25 04:35:16,49.876,%,31.5,-108.1,0.980003,-102.548008,v1.1,OFFLINE,"{""calibration_offset"": -0.741, ""alerts"": []}",,INITIAL_LOAD_20260601
abaf9d3c-9818-4cb8-9ed8-6e8da2173306,SENSOR_02304,motion,2026-06-14 20:55:15,2026-06-14 20:56:10,0.431,bool,88.4,-51.8,-24.131277,,v2.0-beta,WARN,"{""calibration_offset"": 0.556, ""alerts"": []}",,INITIAL_LOAD_20260601
5986fbb5-801a-44e5-9959-4bdeb03b1c88,SENSOR_02969,gps,2026-06-19 18:07:44,2026-06-19 18:12:25,-79.301,deg,98.9,-55.6,-68.614016,171.029814,v1.0,OK,"{""calibration_offset"": 0.338, ""alerts"": []}",,INITIAL_LOAD_20260601
1f86642c-9a7c-4a87-bdfe-2d9277a257af,SENSOR_02777,gps,2026-06-10 15:55:09,2026-06-10 15:58:34,0.028,deg,5.5,-99.0,-30.052673,-9.452106,v1.1,OK,"{""calibration_offset"": -0.461, ""alerts"": []}",,INITIAL_LOAD_20260601
5dad6b0c-6f1d-4c14-b3e4-73245424c4dd,SENSOR_04223,humidity,2026-06-08 21:19:42,2026-06-08 21:22:15,59.372,%,51.2,-69.2,,,v1.2,OK,"{""calibration_offset"": -0.994, ""alerts"": []}",,INITIAL_LOAD_20260601
2fa80537-2464-4d81-90e3-869a5003cefa,SENSOR_03017,pressure,2026-06-21 05:18:16,2026-06-21 05:18:29,998.336,hPa,27.3,-57.6,14.12538,,v1.0,ERROR,"{""alerts"": []}",,INITIAL_LOAD_20260601
9bd85e1f-a386-4c93-bece-2ea74f48ac2e,SENSOR_01396,gps,2026-06-08 04:10:16,2026-06-08 04:12:20,-168.635,deg,94.9,-101.2,-86.591274,-67.070706,v2.0-beta,ERROR,"{""calibration_offset"": -0.942, ""alerts"": [""SIGNAL_LOSS""]}",,INITIAL_LOAD_20260601
47534429-04d4-4bb2-b287-934103a89199,SENSOR_01670,motion,2026-07-13 08:54:22,2026-07-13 08:54:53,0.706,bool,52.3,-65.1,-3.893223,,v2.0-beta,WARN,"{""calibration_offset"": 1.318, ""alerts"": []}",,INITIAL_LOAD_20260601
06939b67-f9ee-4974-80ff-01a127670d90,SENSOR_04367,pressure,2026-07-03 19:26:38,2026-07-03 19:28:53,1001.166,hPa,20.0,-90.3,,,v1.2,WARN,"{""calibration_offset"": 0.753, ""alerts"": [""SIGNAL_LOSS""]}",,INITIAL_LOAD_20260601
6c483845-db5f-4bad-96b3-3789892875b3,SENSOR_01698,vibration,2026-06-16 09:22:45,2026-06-16 09:27:31,14.006,mm/s,79.7,-88.1,,,v2.0-beta,ERROR,"{""calibration_offset"": -1.013, ""alerts"": []}",,INITIAL_LOAD_20260601
fa922eef-47e4-4c69-b2e9-2dd7ec84c523,SENSOR_03232,pressure,2026-06-15 02:24:06,2026-06-15 02:24:46,944.468,hPa,44.8,-89.5,,,v1.1,OFFLINE,"{""calibration_offset"": -0.946, ""alerts"": []}",,INITIAL_LOAD_20260601
422ecd64-a95d-4723-bf33-343a2a52913a,SENSOR_04604,vibration,2026-06-06 07:15:29,2026-06-06 07:20:29,3.589,mm/s,6.0,-37.6,,,v1.1,OK,"{""calibration_offset"": -1.974, ""alerts"": []}",,INITIAL_LOAD_20260601
62acaba2-c8cd-4850-9b01-2599169dcc18,SENSOR_03869,temperature,2026-06-01 06:02:12,2026-06-01 06:03:32,0.691,C,93.6,-39.7,,,v1.1,ERROR,"{""calibration_offset"": -0.151, ""alerts"": []}",,INITIAL_LOAD_20260601
c7f1fb4b-5756-4c9b-85fb-1c34e8e1f6a0,SENSOR_00484,temperature,2026-06-26 23:29:51,2026-06-26 23:30:10,51.323,C,18.3,-39.4,,178.981849,v1.1,ERROR,"{""calibration_offset"": 0.338, ""alerts"": []}",,INITIAL_LOAD_20260601
52e48405-ce6a-4500-845d-039fba403ff4,SENSOR_01526,vibration,2026-07-13 13:28:47,2026-07-13 13:31:19,8.519,mm/s,11.6,-31.4,,15.588174,v1.2,OFFLINE,"{""calibration_offset"": 0.721, ""alerts"": [""SENSOR_FAULT""]}",,INITIAL_LOAD_20260601
0f732c58-4c53-4440-b8d8-bbbdc775b7ad,SENSOR_01099,gps,2026-06-10 08:38:29,2026-06-10 08:41:18,-121.502,deg,46.4,-89.4,-56.484168,85.182442,v1.2,OK,"{""calibration_offset"": -0.151, ""alerts"": []}",,INITIAL_LOAD_20260601
f71205a3-ae54-4268-8d60-61f137dc0376,SENSOR_01582,humidity,2026-07-11 03:30:46,2026-07-11 03:33:33,8.674,%,67.3,-95.2,,,v2.0-beta,WARN,"{""calibration_offset"": 1.336, ""alerts"": [""SIGNAL_LOSS""]}",,INITIAL_LOAD_20260601
1f84724c-bbf1-457c-850f-84b0a6f6cc22,SENSOR_03845,motion,2026-06-09 22:47:57,2026-06-17 00:07:21,1.101,%,65.7,-54.6,,,v1.2,OK,"{""calibration_offset"": 0.753, ""alerts"": [""SIGNAL_LOSS""]}",ea5b45f7-c37e-45a6-adb2-7bd6f108a0c3,INITIAL_LOAD_20260601
b3be21ea-7866-4b86-a230-a2f11147a2bc,SENSOR_02547,vibration,2026-06-18 20:13:10,2026-06-18 20:15:02,14.36,mm/s,48.3,-73.6,-22.747528,148.60688,v1.2,OK,"{""calibration_offset"": -0.946, ""alerts"": []}",,INITIAL_LOAD_20260601
d7091c89-75b6-47dc-90c2-55fc0d2db44e,SENSOR_01789,humidity,2026-06-26 12:15:34,2026-06-26 12:18:39,7.81,%,56.9,-105.1,,,v1.0,ERROR,"{""calibration_offset"": 0.556, ""alerts"": []}",,INITIAL_LOAD_20260601
df520fc6-2345-4105-9326-7241ee83ee67,SENSOR_01347,pressure,2026-06-06 15:25:45,2026-06-06 15:30:43,975.098,hPa,90.0,-74.4,,,v2.0-beta,OFFLINE,"{""calibration_offset"": -1.123, ""alerts"": []}",,INITIAL_LOAD_20260601
9445c8d0-7d3f-47a9-8996-706d55042ad2,SENSOR_00472,gps,2026-07-06 02:40:56,2026-07-06 02:43:06,113.923,deg,74.8,-63.7,-81.847836,-55.969608,v1.2,OK,"{""calibration_offset"": -1.205, ""alerts"": []}",,INITIAL_LOAD_20260601
1167df3e-bbf7-4051-b4b6-73d6cd097bf1,SENSOR_00493,temperature,2026-06-14 22:29:05,2026-06-14 22:30:14,36.583,C,97.9,-58.3,,-42.307337,v1.0,OK,"{""calibration_offset"": -1.013, ""alerts"": []}",,INITIAL_LOAD_20260601
4cb17d79-c0fa-459b-8108-d4ae276fe3be,SENSOR_04417,humidity,2026-06-06 18:13:03,2026-06-06 18:17:38,39.306,%,13.6,-31.7,46.112295,-13.318596,v1.2,ERROR,"{""calibration_offset"": -0.946, ""alerts"": []}",,INITIAL_LOAD_20260601
f7841d16-fe0d-4ec2-a609-0efb9ac4c578,SENSOR_03107,humidity,2026-06-17 19:18:19,2026-06-17 19:19:55,93.741,%,72.8,-101.0,-14.536692,138.152384,v2.0-beta,OK,"{""calibration_offset"": -1.442, ""alerts"": [""SENSOR_FAULT""]}",,INITIAL_LOAD_20260601
ca82191c-c10d-46a4-97d7-96a9631b7d9f,SENSOR_00551,temperature,2026-06-22 16:08:29,2026-06-22 16:08:53,-15.527,C,5.4,-74.9,,99.382904,v1.0,WARN,"{""calibration_offset"": -0.48, ""alerts"": []}",,INITIAL_LOAD_20260601
00219563-300f-4a9d-813d-998e8bd06e64,SENSOR_02369,humidity,2026-06-29 00:48:24,2026-06-29 00:51:08,23.69,%,87.7,-31.1,,,v1.2,OFFLINE,"{""calibration_offset"": 0.437, ""alerts"": [""SENSOR_FAULT""]}",,INITIAL_LOAD_20260601
e7ecaf3e-4e45-431f-a077-df6abd53d627,SENSOR_04846,vibration,2026-06-27 23:36:46,2026-06-27 23:39:42,14.124,mm/s,67.5,-47.1,,,v2.0-beta,OK,"{""calibration_offset"": -0.942, ""alerts"": [""SIGNAL_LOSS""]}",,INITIAL_LOAD_20260601
57e09333-b1b3-449c-ad3f-9ca176f20e66,SENSOR_01506,gps,2026-07-12 05:33:14,2026-07-12 05:34:27,110.079,deg,91.6,-65.0,84.201514,20.623233,v1.1,OK,"{""calibration_offset"": -0.48, ""alerts"": []}",,INITIAL_LOAD_20260601
1be9a097-52bf-4297-8bc0-94542a57ff00,SENSOR_02088,humidity,2026-07-15 18:28:16,2026-07-15 18:31:25,9.246,%,72.7,-94.8,,,v1.0,OK,"{""calibration_offset"": 0.121, ""alerts"": [""SIGNAL_LOSS""]}",,INITIAL_LOAD_20260601
13ba14a0-e50b-4953-999b-f0404a9d1ec9,SENSOR_00596,humidity,2026-06-24 06:32:05,2026-06-24 06:34:55,30.319,%,91.0,-93.1,,88.876522,v1.1,OFFLINE,"{""calibration_offset"": -0.994, ""alerts"": []}",,INITIAL_LOAD_20260601
c6c520c2-2c87-44dd-b518-38242a3828e9,SENSOR_04951,vibration,2026-07-15 10:11:58,2026-07-15 10:14:42,11.633,mm/s,38.7,-67.3,,,v2.0-beta,OK,"{""calibration_offset"": 1.074, ""alerts"": []}",,INITIAL_LOAD_20260601
b6f36a29-f307-4771-9adb-13eb84630b5a,SENSOR_03817,temperature,2026-07-07 23:21:43,2026-07-07 23:23:27,-2.93,C,42.0,-65.0,,,v2.0-beta,OFFLINE,"{""calibration_offset"": -0.932, ""alerts"": []}",,INITIAL_LOAD_20260601
86d36591-9485-46cf-87b6-6c794bf53258,SENSOR_04784,gps,2026-06-15 07:55:26,2026-06-15 07:58:14,-97.193,deg,57.4,-90.3,9.115656,159.647236,v2.0-beta,ERROR,"{""calibration_offset"": -0.395, ""alerts"": [""SENSOR_FAULT""]}",,INITIAL_LOAD_20260601
462b68d3-b235-4c13-8967-5c103c06ba60,SENSOR_04002,vibration,2026-06-23 08:54:16,2026-06-23 08:57:16,2.539,mm/s,72.3,-70.9,7.584634,,v2.0-beta,ERROR,"{""alerts"": []}",,INITIAL_LOAD_20260601
d065de28-e038-4491-84f0-e874b6a908e7,SENSOR_00608,vibration,2026-06-21 00:28:18,2026-06-21 00:30:16,1.02,mm/s,16.0,-92.5,,,v1.0,OK,"{""calibration_offset"": -1.553, ""alerts"": []}",,INITIAL_LOAD_20260601
f8c17de9-bacc-4dfb-9db1-7327061a6b37,SENSOR_03996,temperature,2026-06-01 13:48:26,2026-06-02 15:48:47,13.574,C,29.4,-69.8,,,v2.0-beta,OK,"{""calibration_offset"": 1.318, ""alerts"": []}",,INITIAL_LOAD_20260601
3eeb1e77-48f7-4f24-92db-2e9e6836639a,SENSOR_00789,gps,2026-06-10 07:37:01,2026-06-10 07:39:10,113.477,deg,27.5,-78.2,-22.850715,-33.830132,v1.1,OK,"{""calibration_offset"": 0.556, ""alerts"": []}",,INITIAL_LOAD_20260601
73636122-34e8-4bad-80b8-722a167f633b,SENSOR_01850,pressure,2026-07-02 17:39:26,2026-07-02 17:39:42,890.103,hPa,38.5,-65.8,,,v1.0,ERROR,"{""calibration_offset"": 1.892, ""alerts"": []}",,INITIAL_LOAD_20260601
0096400d-63d9-42ab-8fc5-a216126fa64b,SENSOR_03554,vibration,2026-06-28 11:16:14,2026-06-28 11:17:02,13.422,mm/s,92.0,-91.6,34.611788,,v1.2,OFFLINE,"{""calibration_offset"": 0.437, ""alerts"": [""SENSOR_FAULT""]}",,INITIAL_LOAD_20260601
df71eb44-7041-4812-8790-b7e6d59b8c78,SENSOR_00609,vibration,2026-06-09 16:57:47,2026-06-09 17:00:28,0.235,mm/s,21.5,-98.5,57.76243,-72.26032,v1.0,OK,"{""calibration_offset"": 0.556, ""alerts"": []}",,INITIAL_LOAD_20260601
2388a208-f031-4af9-9a81-de4dc4ffe793,SENSOR_03187,vibration,2026-06-19 15:12:47,2026-06-19 15:13:58,11.857,mm/s,69.2,-103.7,-27.74529,,v1.2,WARN,"{""calibration_offset"": -1.069, ""alerts"": [""SIGNAL_LOSS""]}",,INITIAL_LOAD_20260601
34656419-fa85-4750-8066-a9f757b76813,SENSOR_02790,gps,2026-07-08 13:15:24,2026-07-08 13:17:43,102.077,deg,45.6,-91.7,9.54679,-44.846281,v2.0-beta,OFFLINE,"{""calibration_offset"": 1.318, ""alerts"": []}",,INITIAL_LOAD_20260601
4830a08a-b1b3-4e4b-85d4-a98052490764,SENSOR_03113,temperature,2026-07-09 17:48:06,2026-07-09 17:48:43,-31.796,C,16.3,-53.1,,-65.995838,v1.2,OFFLINE,"{""calibration_offset"": -1.974, ""alerts"": []}",,INITIAL_LOAD_20260601
7fb30be4-5369-4049-b707-20abc38bba5e,SENSOR_02525,motion,2026-06-05 23:06:29,2026-06-05 23:08:04,0.431,bool,56.1,-69.0,,,v1.2,OK,"{""calibration_offset"": 1.651, ""alerts"": []}",,INITIAL_LOAD_20260601
f2129c6a-41b0-462f-a34a-dfb9d6be862f,SENSOR_04899,pressure,2026-06-01 14:22:40,2026-06-01 14:25:58,1037.521,hPa,72.8,-65.2,-46.306346,,v2.0-beta,OFFLINE,"{""calibration_offset"": -1.013, ""alerts"": []}",,INITIAL_LOAD_20260601
a605f6ad-4cb1-4007-bf6c-8f5ac1551a49,SENSOR_02202,pressure,2026-06-08 02:01:35,2026-06-08 02:05:17,929.332,hPa,30.7,-47.4,,79.523803,v2.0-beta,OK,"{""calibration_offset"": 0.721, ""alerts"": [""SENSOR_FAULT""]}",,INITIAL_LOAD_20260601
aa73a68b-7854-4a84-84a5-edef5582a4e0,SENSOR_01601,motion,2026-06-15 18:57:08,2026-06-17 05:45:56,0.332,bool,62.4,-45.7,,,v1.1,OK,"{""calibration_offset"": 0.121, ""alerts"": [""SIGNAL_LOSS""]}",,INITIAL_LOAD_20260601
2ab6df71-1863-4177-bbc0-3d2e2753ac9a,SENSOR_02626,gps,2026-06-24 06:05:12,2026-06-24 06:08:35,168.741,deg,29.9,-54.4,-1.618684,27.316541,v1.1,ERROR,"{""calibration_offset"": 1.336, ""alerts"": [""SIGNAL_LOSS""]}",,INITIAL_LOAD_20260601
0033af97-af09-470d-9ea7-6c90658b6f74,SENSOR_02296,motion,2026-06-28 08:56:00,2026-06-28 09:00:39,0.18,bool,77.0,-107.8,79.735485,,v1.0,OK,"{""calibration_offset"": -0.151, ""alerts"": []}",,INITIAL_LOAD_20260601
f976df33-c24c-40ba-ab89-fb26298bda87,SENSOR_00566,motion,2026-06-07 18:09:19,2026-06-07 18:11:22,0.253,bool,16.3,-76.1,,,v2.0-beta,ERROR,"{""calibration_offset"": 0.121, ""alerts"": [""SIGNAL_LOSS""]}",,INITIAL_LOAD_20260601
3ff6506c-9c21-4915-894f-5150307b79b0,SENSOR_03283,gps,2026-06-27 09:23:33,2026-06-27 09:26:37,72.588,deg,81.4,-62.5,74.592225,-140.627007,v2.0-beta,WARN,"{""calibration_offset"": 1.336, ""alerts"": [""SIGNAL_LOSS""]}",,INITIAL_LOAD_20260601
c9634ccb-734e-44dc-bf15-17afee65b995,SENSOR_02908,humidity,2026-06-28 08:11:57,2026-06-28 08:15:21,96.681,%,33.8,-46.3,,,v1.0,ERROR,"{""calibration_offset"": -1.069, ""alerts"": [""SIGNAL_LOSS""]}",,INITIAL_LOAD_20260601
6cffc54b-be31-40f0-9879-6f4cd07743f6,SENSOR_04249,gps,2026-06-22 15:22:10,2026-06-22 15:26:07,98.043,deg,59.3,-70.0,-27.90587,-171.157445,v1.1,WARN,"{""calibration_offset"": -1.974, ""alerts"": []}",,INITIAL_LOAD_20260601
227bed23-2cc5-4cec-83ae-ae061778aeb5,SENSOR_00703,temperature,2026-06-17 21:49:56,2026-06-17 21:53:49,38.427,C,52.6,-82.1,,-17.11901,v1.1,OFFLINE,"{""calibration_offset"": -1.205, ""alerts"": []}",,INITIAL_LOAD_20260601
07ffdca1-2b1a-4fbf-a8da-03ab233772b3,SENSOR_00942,temperature,2026-07-02 10:56:22,2026-07-02 10:57:46,52.992,C,74.3,-68.7,,,v1.2,OFFLINE,"{""calibration_offset"": -1.636, ""alerts"": [""LOW_BATTERY""]}",,INITIAL_LOAD_20260601
d9da9448-f3fd-4dd8-b018-76971e0fea7b,SENSOR_01899,motion,2026-06-10 01:09:23,2026-06-10 01:13:04,0.396,bool,74.0,-39.4,,,v1.1,ERROR,"{""calibration_offset"": 0.558, ""alerts"": [""SIGNAL_LOSS""]}",,INITIAL_LOAD_20260601
cfe9cc57-da42-4695-b260-79737a3cc4cc,SENSOR_01685,pressure,2026-06-29 00:39:32,2026-06-29 00:44:06,910.196,hPa,33.3,-73.4,,9.977407,v1.0,OFFLINE,"{""calibration_offset"": 1.104, ""alerts"": [""LOW_BATTERY""]}",,INITIAL_LOAD_20260601
edb5d525-1025-4690-9340-d6451ce8a4ce,SENSOR_03215,gps,2026-06-18 02:05:31,2026-06-18 02:06:59,112.946,deg,70.9,-86.2,20.607213,-149.489291,v1.2,OK,"{""calibration_offset"": -0.48, ""alerts"": []}",,INITIAL_LOAD_20260601
213d98fa-835d-47ad-ac96-4c3825ab7882,SENSOR_01954,pressure,2026-06-19 02:55:59,2026-06-19 03:00:20,953.52,hPa,60.0,-64.0,,,v1.1,OK,"{""calibration_offset"": -0.946, ""alerts"": []}",,INITIAL_LOAD_20260601
b0fd35b4-618f-4461-9168-e4022f150ddc,SENSOR_01419,gps,2026-06-15 00:31:00,2026-06-15 00:33:41,123.115,deg,62.3,-40.8,81.331551,-5.540789,v2.0-beta,OK,"{""alerts"": []}",,INITIAL_LOAD_20260601
0dde97af-fc5b-4646-a9f3-6d48194d8a30,SENSOR_04600,gps,2026-06-20 20:40:33,2026-06-20 20:44:05,75.651,deg,44.9,-96.6,11.771604,106.51712,v2.0-beta,ERROR,"{""calibration_offset"": -1.069, ""alerts"": [""SIGNAL_LOSS""]}",,INITIAL_LOAD_20260601
a5a5527c-2b6d-4fb6-8777-ce77feff949d,SENSOR_02251,humidity,2026-06-09 03:58:39,2026-06-09 04:03:28,74.252,%,76.8,-66.0,,,v1.2,WARN,"{""calibration_offset"": -0.946, ""alerts"": []}",,INITIAL_LOAD_20260601
b809073d-7156-4c73-812c-2f375119e7fc,SENSOR_03005,gps,2026-07-07 21:28:08,2026-07-07 21:32:47,-101.325,deg,43.1,-51.1,27.660906,-90.888615,v1.0,OFFLINE,"{""alerts"": []}",,INITIAL_LOAD_20260601
4c5b68dc-ce36-40fb-95cb-df96fac45069,SENSOR_02855,temperature,2026-07-08 15:40:34,2026-07-08 15:42:21,41.07,C,59.2,-81.9,23.898714,,v1.0,OK,"{""calibration_offset"": -0.48, ""alerts"": []}",,INITIAL_LOAD_20260601
b3a9e5d7-2ff6-4373-8054-3dcf84d776e5,SENSOR_01695,temperature,2026-06-26 20:09:07,2026-06-26 20:13:42,-23.162,C,97.9,-86.6,,5.189396,v1.2,WARN,"{""calibration_offset"": -1.974, ""alerts"": []}",,INITIAL_LOAD_20260601
6936b556-848e-4128-88a0-0520f656e0ad,SENSOR_03371,temperature,2026-07-05 01:13:16,2026-07-05 01:15:23,-25.376,C,32.9,-90.2,-19.313865,,v1.1,OK,"{""calibration_offset"": 0.437, ""alerts"": [""SENSOR_FAULT""]}",,INITIAL_LOAD_20260601
57e8797d-3a55-4756-8ec2-8fbd7cabf84b,SENSOR_03073,motion,2026-06-20 13:21:18,2026-06-20 13:23:40,0.695,bool,87.9,-73.6,,,v1.0,OK,"{""calibration_offset"": -1.118, ""alerts"": []}",,INITIAL_LOAD_20260601
2ba66f7a-a9a7-423f-96bd-8777d8861603,SENSOR_03755,vibration,2026-07-12 06:26:44,2026-07-12 06:31:17,5.966,mm/s,96.8,-44.0,,,v1.2,ERROR,"{""calibration_offset"": -0.151, ""alerts"": []}",,INITIAL_LOAD_20260601
53b1f780-b897-4fa2-b298-1f619002e36e,SENSOR_04734,humidity,2026-07-09 06:26:25,2026-07-09 06:26:49,4.594,%,63.0,-43.1,,-123.125935,v2.0-beta,WARN,"{""calibration_offset"": -0.461, ""alerts"": []}",,INITIAL_LOAD_20260601
a4e63a16-6bfa-4b3b-90ed-15ba6f2eb302,SENSOR_03504,humidity,2026-07-13 19:46:35,2026-07-13 19:47:56,,%,87.8,-102.5,,,v1.1,ERROR,"{""calibration_offset"": 1.892, ""alerts"": []}",,INITIAL_LOAD_20260601
8528fafd-7b33-4a33-9147-0bb75718b50f,SENSOR_02502,vibration,2026-06-21 20:05:25,2026-06-21 20:06:13,0.016,mm/s,48.2,-99.4,,,v1.1,ERROR,"{""calibration_offset"": 0.558, ""alerts"": [""SIGNAL_LOSS""]}",,INITIAL_LOAD_20260601
34a83a57-2867-4e17-b57d-10707ff513cd,SENSOR_03104,pressure,2026-07-12 07:25:54,2026-07-04 16:36:53,-16.303,C,9.8,-45.5,,,v2.0-beta,OFFLINE,"{""calibration_offset"": 0.753, ""alerts"": [""SIGNAL_LOSS""]}",891ebd34-ddc4-4303-ae8d-9f145ee3af5a,INITIAL_LOAD_20260601
f99050f4-8baf-47fb-ab92-0801c238f2dd,SENSOR_01090,vibration,2026-06-04 07:42:19,2026-06-04 07:42:23,9.155,mm/s,17.2,-81.9,,151.161885,v1.1,ERROR,"{""calibration_offset"": -1.553, ""alerts"": []}",,INITIAL_LOAD_20260601
8ae03529-bddc-49ae-a5d4-cb1402ae4595,SENSOR_01779,temperature,2026-07-07 12:39:45,2026-07-07 12:43:01,-4.846,C,43.5,-46.7,,,v1.1,OK,"{""calibration_offset"": 1.336, ""alerts"": [""SIGNAL_LOSS""]}",,INITIAL_LOAD_20260601
ba9658d4-0640-4ce2-9052-b9c9d9e4db1f,SENSOR_04915,vibration,2026-07-08 19:33:55,2026-07-08 19:34:08,12.718,mm/s,66.2,-85.9,,,v1.2,WARN,"{""calibration_offset"": 0.338, ""alerts"": []}",,INITIAL_LOAD_20260601
c915fa13-6ea5-4001-8b4e-fe5fee0d957a,SENSOR_00447,humidity,2026-06-06 11:21:21,2026-06-06 11:21:57,52.829,%,97.8,-31.0,-66.243081,24.61694,v2.0-beta,OK,"{""calibration_offset"": 1.658, ""alerts"": []}",,INITIAL_LOAD_20260601
65b87305-4e34-4175-8ec3-d81baa47a52f,SENSOR_01415,motion,2026-06-01 19:26:40,2026-06-01 19:26:47,0.262,bool,4.9,-105.2,1.189909,,v1.0,OFFLINE,"{""calibration_offset"": 1.074, ""alerts"": []}",,INITIAL_LOAD_20260601
d6392295-0be5-495d-ab2a-29e849bf8b7e,SENSOR_03469,vibration,2026-07-02 02:16:48,2026-07-02 02:18:06,4.162,mm/s,31.7,-69.1,,13.100462,v1.0,OK,"{""calibration_offset"": 0.338, ""alerts"": []}",,INITIAL_LOAD_20260601
a3400729-b1a2-46ef-b8f5-c4d2e696ac28,SENSOR_00541,pressure,2026-07-06 10:27:47,2026-07-06 10:29:49,882.45,hPa,9.5,-75.2,,,v2.0-beta,ERROR,"{""calibration_offset"": 0.753, ""alerts"": [""SIGNAL_LOSS""]}",,INITIAL_LOAD_20260601
8cc4d226-4082-41bc-b8db-a911f84fb6cb,SENSOR_01438,temperature,2026-07-05 01:18:22,2026-07-06 19:27:13,55.302,C,52.8,-47.4,-59.946668,,v1.1,OK,"{""calibration_offset"": 0.437, ""alerts"": [""SENSOR_FAULT""]}",,INITIAL_LOAD_20260601
